{"total": [0.4314044726391633, 0.3046410071353118, 0.22253174024323621, 0.18154627084732056, 0.16031128726899624, 0.1474666011830171, 0.13899450842291117, 0.13287663894395033, 0.12827026626716057, 0.1249568151930968, 0.1222887992238005, 0.12013595706472795, 0.1183484320839246, 0.11684344025949638, 0.11570089124143124, 0.11476270016282797, 0.11358886988212664, 0.11258956945190828, 0.11175397938738267, 0.11107368177423875, 0.1103719479093949, 0.10969697808225949, 0.10897665563970804, 0.10897095625599225, 0.10823397773007552, 0.10772978949050109, 0.10742397637416919, 0.10689920994142692, 0.1062915710111459, 0.10616194363683462, 0.10565837379544973, 0.10613543385018905, 0.10517748740191261, 0.1050021555274725, 0.10493176647772391, 0.10400195869927605, 0.1037814887240529, 0.10335834727933009, 0.10384842411925395, 0.10339127325763305, 0.1033860466753443, 0.10305987360576789, 0.10278044920414686, 0.10263069222370784, 0.10176172479987144, 0.10165441362187266, 0.10228045595188935, 0.1025733541076382, 0.10144693388914068, 0.10120937476555507, 0.10104101492712896, 0.10027770729114611, 0.10039711277931929, 0.09912001652022202, 0.09904126978168885, 0.10149079219748576, 0.10001764011879762, 0.09990675266211231, 0.09944891308744748, 0.10102033071840803, 0.09949322417378426, 0.09764546155929565, 0.09848911610121529, 0.09749385621398687, 0.09920809821536143, 0.09660609780500333, 0.10081837869559725, 0.09859504861136277, 0.09602487025161584, 0.0954500266040365, 0.09529073536396027, 0.09573945806672175, 0.09593426746626695, 0.0930114498672386, 0.09610359215488036, 0.09682655303428571, 0.09671959280967712, 0.09442147674659888, 0.09704164772604902, 0.09087663299093644, 0.09121260621274511, 0.09514286058644454, 0.09262958619122703, 0.09467981724689405, 0.09575023626287778, 0.09159190580248833, 0.09247454426561792, 0.09299036875988047, 0.09193505564083655, 0.08900634028638403, 0.08814923899869125, 0.09205618174746633, 0.08952027559280396, 0.08992244706799586, 0.08886178117245436, 0.08925833537553747, 0.08909519016742706, 0.08793504567195971, 0.08734919782727957, 0.08804642921313643], "regression": [0.38628070056438446, 0.2681530161450307, 0.20257104188203812, 0.16539216165741286, 0.14529313861081997, 0.13282658314953247, 0.1246041798343261, 0.11860831764837106, 0.11408940640588601, 0.11085043381899595, 0.10824683712174495, 0.10609905918439229, 0.1043654652312398, 0.10287528143574794, 0.10175163919727008, 0.10081525798887014, 0.09967890242114663, 0.09867792064324021, 0.09784701621780793, 0.09716248388091724, 0.09647028210262458, 0.09581556372965376, 0.09507922766109307, 0.09507916960865259, 0.09434251021593809, 0.09385226294398308, 0.09354444469014804, 0.09302793443202972, 0.09239029884338379, 0.0922551229596138, 0.09180273829648893, 0.09216042437280218, 0.09128883372371395, 0.09113936374584834, 0.09102339778716366, 0.0901329539095362, 0.08983808864528935, 0.08934087042386334, 0.08992807877560456, 0.08941671128074329, 0.0894277108212312, 0.08916190142432849, 0.08861231183012326, 0.08876766885320346, 0.0876979671108226, 0.08753355251004298, 0.08834402076900005, 0.088418399138997, 0.08763721119612455, 0.08706012989083926, 0.0868970879043142, 0.08622748932490747, 0.08632974699139595, 0.08465277450159192, 0.08452086445565025, 0.08764682880913217, 0.0860085563423733, 0.08582213334739208, 0.08517864796643455, 0.08692751607547204, 0.08526532026007771, 0.08330454568689068, 0.08437690775220592, 0.0832957982396086, 0.08517625974491239, 0.08225697946424286, 0.08624601146827142, 0.08456849120557308, 0.08190456607068579, 0.08134003247444828, 0.08112273504957557, 0.0818587156633536, 0.08186776749789715, 0.07900616216162841, 0.08173583758374055, 0.08241303591057658, 0.08263141987845302, 0.0804807508053879, 0.08277698264767726, 0.07679639058187604, 0.0773208593018353, 0.08085502544417977, 0.07854076831912, 0.08047664755334456, 0.08152094281588991, 0.07765638052175443, 0.07814127036059897, 0.07886285986751318, 0.07790909319495161, 0.0753051668095092, 0.07426477363333106, 0.07792979152873158, 0.0756468684412539, 0.07600114215165377, 0.07500563872357209, 0.07537966873496771, 0.0752623644657433, 0.07405039404208462, 0.07354978487516443, 0.07421038470541437], "ssim": [0.9024753893415133, 0.7297598868608475, 0.39921395977338153, 0.3230821763475736, 0.3003629520535469, 0.2928003594279289, 0.28780657052993774, 0.2853664408127467, 0.28361717114845914, 0.28212760388851166, 0.2808392445246379, 0.2807379439473152, 0.27965933332840603, 0.27936319013436633, 0.27898505578438443, 0.2789488385121028, 0.2781993622581164, 0.27823297182718915, 0.27813926587502164, 0.2782239764928818, 0.2780332962671916, 0.2776282678047816, 0.2779485583305359, 0.27783574163913727, 0.2778293465574582, 0.2775505284468333, 0.2775906374057134, 0.27742550522089005, 0.278025450805823, 0.27813642223676044, 0.277112677693367, 0.27950017899274826, 0.27777307232220966, 0.27725583811601, 0.27816738684972125, 0.2773800964156787, 0.2788679872949918, 0.280349537730217, 0.27840689321358997, 0.27949123084545135, 0.27916670093933743, 0.2779594510793686, 0.2833627313375473, 0.27726046989361447, 0.2812751680612564, 0.2824172129233678, 0.2787286763389905, 0.28309909751017887, 0.2761944731076558, 0.2829848974943161, 0.2828785330057144, 0.28100434442361194, 0.28134731700023013, 0.28934483726819354, 0.29040809472401935, 0.2768792783220609, 0.2801816711823146, 0.28169238070646924, 0.2854053005576134, 0.2818562909960747, 0.2845580776532491, 0.28681831310192746, 0.2822441558043162, 0.28396114458640415, 0.2806367551287015, 0.2869823674360911, 0.29144735882679623, 0.2805311505993207, 0.2824060842394829, 0.28219987948735553, 0.28336001684268314, 0.277614859243234, 0.28133000681797665, 0.28010574728250504, 0.28735509514808655, 0.28827034930388135, 0.2817634666959445, 0.27881452689568204, 0.28529330094655353, 0.2816048189997673, 0.2778349295258522, 0.2857566922903061, 0.2817763661344846, 0.28406339635451633, 0.2845858732859294, 0.2787105093399684, 0.28666549175977707, 0.2825501685341199, 0.2805192470550537, 0.2740234633286794, 0.27768928557634354, 0.28252780189116794, 0.27746814986069995, 0.27842608590920764, 0.27712282538414, 0.2775733470916748, 0.27665651092926663, 0.277693010866642, 0.27598824352025986, 0.27672087401151657]}