{"total": [0.07597853332344029, 0.06853641312983301, 0.06802051714724965, 0.06735704958852795, 0.06666482354617781, 0.06590145642558734, 0.06508419897407293, 0.06441424864033858, 0.06393669615603155, 0.06333536881125636, 0.06287205988748205, 0.06230158310383558, 0.0617700033262372, 0.0611290064578255, 0.06048623789101839, 0.059776348492337594, 0.058952216108640036, 0.05815981088827054, 0.05753890208899975, 0.05679348071416219, 0.056178008040620224, 0.05564894600047005, 0.0551102444405357, 0.054444320942792626, 0.05403154470440414, 0.05346276712086465, 0.05300163125826253, 0.052470559519198205, 0.0520390301818649, 0.051614901829097004, 0.05101871115465959, 0.05054715349442429, 0.04997666308449374, 0.049458735241658155, 0.04883211945494016, 0.048178098081714575, 0.04765449955645535, 0.04696084838360548, 0.0464545322706302, 0.04601398216353522, 0.04549623508006334, 0.044961325546933543, 0.04450567693759998, 0.044176965239975184, 0.043840538130866157, 0.043430968233280715, 0.04325950987637043, 0.0427828358569079, 0.042572100133531625, 0.04214390770014789, 0.04193210632436805, 0.041640124552779725, 0.041442246205276916, 0.04117672029468748, 0.04094239830142922, 0.04071556918736961, 0.040418490663998656, 0.040156808520356815, 0.04003538685540358, 0.03985766739481025], "regression": [0.06022554725408554, 0.053335235131283604, 0.052887108830942046, 0.052300678557819794, 0.051685971034069855, 0.05102996075318919, 0.05032126169651747, 0.049744960806436006, 0.0493337889181243, 0.048817454510264924, 0.04841668805314435, 0.04792438515358501, 0.04746884599741962, 0.046917838644650246, 0.0463721270693673, 0.04576969091677004, 0.04508001750128137, 0.04441085462354952, 0.04389282271679905, 0.04327332459390163, 0.04276244839032491, 0.04233291357755661, 0.04188824964894189, 0.04134555490480529, 0.041011414755549695, 0.0405502101737592, 0.04017551078978512, 0.03975208850370513, 0.039407100474668874, 0.03907575574186113, 0.03859562397003174, 0.038227481010059516, 0.037781770125859315, 0.037378630104164284, 0.036896542670826114, 0.03638984779102935, 0.03599762917806705, 0.03546846816316247, 0.03507815958518121, 0.03475156055970324, 0.03435235573392775, 0.03394633589933316, 0.033597305352903076, 0.03335725255517496, 0.03310042931801743, 0.032791549631704886, 0.03266333282200826, 0.03229873531808456, 0.03214702180069354, 0.03182225053716037, 0.03166252460537685, 0.0314426178795596, 0.031288861048718294, 0.03109805052479108, 0.03091475776500172, 0.0307494790914158, 0.030523179554276997, 0.03032399672600958, 0.03023262230058511, 0.03009936227980587], "ssim": [0.315059715045823, 0.30402355286810134, 0.30266816231939525, 0.3011274133788215, 0.29957704404989877, 0.29742990738815733, 0.2952587396568722, 0.29338575058513217, 0.29205813944339754, 0.2903582807381948, 0.2891074307097329, 0.28754395186901094, 0.28602314319875505, 0.2842233512798945, 0.28228221125072905, 0.2801331465111838, 0.27744396845499675, 0.27497911936706965, 0.2729215821954939, 0.27040311647786036, 0.26831118802229564, 0.26632064355744256, 0.26443989051712885, 0.26197531614038677, 0.2604025928179423, 0.25825113276640577, 0.2565224042865965, 0.2543694164355596, 0.2526385890775257, 0.25078291634718575, 0.24846173889107173, 0.2463934438758426, 0.24389785415596432, 0.24160209688875411, 0.23871153049998814, 0.23576500144269733, 0.23313740246825748, 0.22984759933418697, 0.22752744913101197, 0.22524842672877843, 0.2228775817818112, 0.2202997887796826, 0.21816742532783084, 0.21639424860477446, 0.21480216979980468, 0.2127883681986067, 0.21192353619469537, 0.20968200511402554, 0.20850156042310927, 0.20643313778771294, 0.20539162907335493, 0.20395012742943233, 0.20306769722037846, 0.20157338970237307, 0.20055280519856347, 0.1993217953046163, 0.1979062141974767, 0.19665623035695817, 0.19605528473854064, 0.1951660958925883]}