{"total": [0.05640732253591219, 0.04019162402384811, 0.0361560695970224, 0.0338265882494549, 0.03202550232824352, 0.03084443590707249, 0.02989619128406048, 0.028939546857857042, 0.028288016501400205, 0.027657676469534636, 0.027140364663468468, 0.026522000181592172], "regression": [0.04514879719250732, 0.031482913463066024, 0.028425904884934426, 0.02668478096317914, 0.025310467309835886, 0.024416123222973613, 0.02370808336055941, 0.022982973880651923, 0.022494570875747338, 0.022016795130653515, 0.021629695863359503, 0.021161283387078178], "ssim": [0.22517050206661224, 0.17417420605818432, 0.15460328929954104, 0.1428361431757609, 0.1343006984392802, 0.12856625119845072, 0.12376215563880073, 0.11913145687845018, 0.11586891015370687, 0.11281762500603994, 0.11021337389945984, 0.10721433328257667]}