{"total": [0.10776958793401718, 0.09841933934688568, 0.0971514112663269, 0.09542798047542572, 0.08811322135448456, 0.0705698205947876, 0.06054577089905739, 0.054739761012792584, 0.051347751697301866, 0.048173747346401216, 0.0461520061647892, 0.04430847235441208, 0.04271429110050201, 0.0412575667822361, 0.039501508420705794, 0.03848091337740421, 0.03714415633261204, 0.03624147510588169, 0.03495570766210556, 0.03399970289468765, 0.033049765303134915, 0.0324368430352211, 0.03238811606526375, 0.03075399052143097, 0.0305777612054348, 0.029935368941426278, 0.029520146020650864, 0.02832011480629444, 0.027964098437428475, 0.027658628326058386, 0.027656237192749976, 0.02714939067363739, 0.026683968263268472, 0.026278696893453597, 0.026360896414518355, 0.025948970594406127, 0.025117860237360002, 0.025594523888230324, 0.025635078379511834, 0.024692745237350464, 0.02431434053659439, 0.023941870081424715, 0.023677751005887985, 0.02335226507306099, 0.022918704079985617, 0.023218791239857674, 0.022850833197832106, 0.0224974542760849, 0.02237455510288477, 0.022383582799732685, 0.021932132513523103, 0.021697035249471665, 0.022178329868614673, 0.02260856820344925, 0.021883058491945266, 0.02231691655218601, 0.021984464407265186, 0.021846909061968327, 0.020771258144676685, 0.020560938103795053, 0.020355542397499083, 0.020362029641866685, 0.020704346956312656, 0.020219966938197612, 0.019392896480858325, 0.019865177997350693, 0.021117953982055186, 0.022248117437958716, 0.020134180149137974, 0.02027754440665245, 0.01991779488116503, 0.019718433636426926, 0.018947644611895083, 0.019296927919089796, 0.019133708198666572, 0.01957206715077162, 0.018857555255889894, 0.01965563794374466, 0.01848202544718981, 0.018267515261173248, 0.018322952022254466, 0.01826217860251665, 0.0178084587725997, 0.017154188155531883, 0.01800457482010126, 0.01750115991562605, 0.01805259703963995, 0.017678093722164633, 0.01873190763503313], "regression": [0.09068543949127197, 0.08176051616907119, 0.08060148776292801, 0.07895739430546761, 0.0720343949496746, 0.05592881172418594, 0.04707887408137321, 0.04208102498173714, 0.03923623632967472, 0.03659438633620739, 0.03495343153357506, 0.033484863671660425, 0.032266864626407626, 0.03120700308263302, 0.029921700921654703, 0.029219129210710525, 0.028240516345500948, 0.027625345883965494, 0.026673577709794043, 0.02600004504144192, 0.025325075135231016, 0.024922800394296646, 0.024969237137436866, 0.023738011238574983, 0.023664015265703203, 0.023203423983454704, 0.02291152911603451, 0.022018239300847054, 0.021780581977963447, 0.021568162718117238, 0.021596069311499596, 0.021226007905602456, 0.020892033396959307, 0.02060005949676037, 0.02069153730928898, 0.020381724938452243, 0.019767346955239774, 0.020142395130991936, 0.020186960973441602, 0.019470627556741237, 0.019192046934366228, 0.01893896083801985, 0.01873322436571121, 0.018501907926797866, 0.01818165062278509, 0.018416923814415932, 0.01814136871099472, 0.017890502294301988, 0.01780757187008858, 0.017817047328650953, 0.01747839816302061, 0.01732110129117966, 0.017681392594575882, 0.018020827760696412, 0.017463087151348592, 0.017810167989432812, 0.017548512898981572, 0.017456788051128387, 0.016647631561160087, 0.016493286372721194, 0.016347124852538107, 0.01635886205881834, 0.016620463754832743, 0.016256363305449485, 0.015652525793910025, 0.0160003687697649, 0.016971824512183667, 0.017806767102479935, 0.016218133362829686, 0.016325415572226047, 0.016054756339490415, 0.015912376146912575, 0.015335748948156834, 0.015602079956829547, 0.015474780335426331, 0.015808677853047848, 0.015272475454211235, 0.015877036614120005, 0.014999451794624329, 0.014843749455809593, 0.014878169173598289, 0.01483740676343441, 0.014517734817862511, 0.01401659562855959, 0.01465855483531952, 0.014278447799086571, 0.014692838261127472, 0.014415994473993778, 0.015189182064533234], "ssim": [0.3416829590606689, 0.3331764535522461, 0.3309984597969055, 0.32941171382904055, 0.32157651948928834, 0.2928201711654663, 0.26933793155670166, 0.2531747157096863, 0.24223030229568482, 0.23158721435546875, 0.22397148738861083, 0.2164721681022644, 0.20894852308273315, 0.20101126659393312, 0.19159614337921144, 0.18523567625045775, 0.1780727930831909, 0.1723225777053833, 0.16564259317398072, 0.15999315118789673, 0.1544937980079651, 0.15028084880828857, 0.1483775747680664, 0.1403195824241638, 0.13827491596221925, 0.1346388962173462, 0.13217233526229857, 0.1260375075531006, 0.12367032640457154, 0.12180931028366089, 0.1212033551979065, 0.11846765316009522, 0.115838694896698, 0.11357274528503418, 0.11338717929840088, 0.11134491073608399, 0.1070102631187439, 0.10904257238388061, 0.10896234531402588, 0.10444235109329224, 0.10244586967468261, 0.10005818199157715, 0.09889053056716919, 0.09700714046478272, 0.09474106651306152, 0.09603734622955322, 0.09418928716659546, 0.09213903743743897, 0.09133966232299805, 0.09133070724487305, 0.08907468490600585, 0.08751867692947388, 0.08993874338150025, 0.09175480638504029, 0.08839942451477051, 0.09013496929168702, 0.08871902772903442, 0.08780241809844971, 0.08247253011703491, 0.08135303310394287, 0.08016834909439087, 0.08006335008621215, 0.08167766220092773, 0.07927207117080688, 0.07480741250991821, 0.07729618295669556, 0.08292258756637573, 0.08882700464248658, 0.07832093399047851, 0.07904257551193238, 0.07726076902389527, 0.07612114793777466, 0.0722379118156433, 0.07389695775985718, 0.07317855583190917, 0.0752677843284607, 0.07170159460067749, 0.07557202520370483, 0.06965147138595582, 0.06847531457901002, 0.06889565574645996, 0.0684954354095459, 0.06581447799682617, 0.06275184940338135, 0.06692039852142334, 0.06445424074172974, 0.06719517404556274, 0.06524198383331299, 0.07085450984954834]}