{"total": [0.08582103541742027, 0.08384508857367412, 0.08296881335316222, 0.08227255727323514, 0.08145661766336607, 0.08078482929813398, 0.08010399827249004, 0.0795446924158917, 0.07889535670466728, 0.07813690348428594, 0.07735661728863076, 0.07668281714926074, 0.07618417635738944, 0.07563038940655009, 0.07506804869072203, 0.07436624590251371], "regression": [0.07608393642391335, 0.07402059454407531, 0.07311552931888841, 0.07241066888743117, 0.07157839394915037, 0.07089952222221606, 0.07022090096152568, 0.0696639326456059, 0.06901821814820266, 0.06826635144169536, 0.06749295626600674, 0.06683409657259257, 0.06634350759457794, 0.06580446962776741, 0.06525846664579912, 0.06456881808320632], "ssim": [0.19474197947612468, 0.19648987978947088, 0.1970656791942225, 0.19723776692908612, 0.19756447361314625, 0.19770614013258875, 0.19766194456463693, 0.19761519436535427, 0.19754276951393998, 0.19741103959220893, 0.1972732178681232, 0.19697441028203413, 0.1968133739449197, 0.196518394388442, 0.19619163903283976, 0.19594855526201976]}