{"total": [0.08571164517740529, 0.0838653534085636, 0.08307586429624234, 0.08236373192826228, 0.08173277684461484, 0.08109089023850455, 0.08036400419375196, 0.07969561451435238], "regression": [0.07594632089874351, 0.07403488168828368, 0.07322967378503412, 0.07250762685773499, 0.07186812363672003, 0.07120589064162058, 0.07048239765430367, 0.06980952253975364], "ssim": [0.19530648543672696, 0.19660943401985823, 0.19692380934306308, 0.19712210043223397, 0.1972930631454569, 0.1976999908104488, 0.19763212959244678, 0.19772183878150917]}