{"total": [0.27620455270767214, 0.26502882666110994, 0.2499054465532303, 0.21714859025478364, 0.18304580065250398, 0.16370586342811586, 0.1536337401175499, 0.14563447239160537, 0.13930140128850937, 0.13408466406583786, 0.1300276104927063, 0.12615242115736008, 0.12235516450166702, 0.11712849954605102, 0.11760574342966079, 0.11473185613632202, 0.11032985167980194, 0.1086224600481987, 0.10690618599891663, 0.1071349277663231, 0.10390732309103012, 0.10226189130306244, 0.10119149295568466, 0.10073905551433564, 0.09695227637290954, 0.10069791474819183, 0.09462405034303666, 0.09283820571899414, 0.09361847328662873, 0.09196723584890365, 0.090248207757473, 0.08948990345478058, 0.0868260443353653, 0.08747376784324647, 0.086809004342556, 0.08565705049991608, 0.08500302522897721, 0.08362270062565803, 0.08275016118288041, 0.08051819377303124, 0.08603745119333267, 0.08303533024907112, 0.08314790556669235, 0.08260397047042847, 0.08107806964159012, 0.07840435346007348, 0.07735917043924331, 0.07725902970433235], "regression": [0.24767893682479858, 0.23692240683555604, 0.22198541198730468, 0.19035596511840822, 0.1578856795024872, 0.13968746223926545, 0.13027282244682312, 0.12283836834907531, 0.1169417662024498, 0.11212913160800934, 0.10840656701803207, 0.10483621107339859, 0.1013663343834877, 0.09658665337562561, 0.09711161093950271, 0.09452518640518189, 0.09051003597736358, 0.08902307092428208, 0.08750890646219253, 0.08776937605857849, 0.08489262948036194, 0.08345918749213219, 0.08254213232755661, 0.08221305557608605, 0.07884872681379318, 0.08229334279537201, 0.0768693315565586, 0.07532558458328246, 0.07609246561408042, 0.07472340747356415, 0.07323860530018807, 0.07265852543473243, 0.07037736869335175, 0.07101326458096505, 0.07050621140360833, 0.06954990692973137, 0.06900770771384239, 0.06784183952450752, 0.06711773938894272, 0.06524133438229561, 0.07007916064977646, 0.06752626409173011, 0.06762099290013314, 0.06716105802893639, 0.0658974601149559, 0.06360484362483025, 0.06270366004347801, 0.06267596122264862], "ssim": [0.5705123188400268, 0.5621283957862854, 0.5584006945419312, 0.5358525020027161, 0.5032024241638183, 0.4803680262374878, 0.46721835359573366, 0.455922077999115, 0.44719269895553587, 0.4391106455421448, 0.43242086618423464, 0.4263241923904419, 0.41977659568786624, 0.41083691566467284, 0.4098826406669617, 0.40413338457107545, 0.39639630346298216, 0.39198777332305906, 0.3879455810546875, 0.3873110242652893, 0.3802938621711731, 0.37605406728744506, 0.3729872034263611, 0.3705199887084961, 0.36207098136901855, 0.3680914289665222, 0.3550943659591675, 0.3502524123764038, 0.350520144443512, 0.34487655931472777, 0.34019203912734985, 0.3366275517654419, 0.32897350559234617, 0.3292100582885742, 0.3260558511161804, 0.32214286443710327, 0.31990634359359743, 0.31561721490859984, 0.3126484288024902, 0.3055371823310852, 0.3191658035469055, 0.31018131660461423, 0.3105382487487793, 0.30885824270248413, 0.3036121844482422, 0.2959901922416687, 0.29311020317077635, 0.2916613640213013]}