{"total": [0.0359570981031002, 0.034933142060434116, 0.03459797847407032, 0.03434758041870307, 0.03422615518227381, 0.03414629171714869, 0.034059980420859455, 0.03399228282795473], "regression": [0.029758779330232344, 0.028839491649840752, 0.02852787043087137, 0.028296746399389054, 0.028186774696966583, 0.02811304208893115, 0.028033696242837924, 0.027970637011287727], "ssim": [0.12396637380305112, 0.12187300604679437, 0.12140215922983494, 0.12101667803044522, 0.12078760771529065, 0.12066499036102205, 0.12052568158870468, 0.12043291420497201]}