{"total": [0.07597853332344029, 0.06853641312983301, 0.06802051714724965, 0.06735704958852795, 0.06666482354617781, 0.06590145642558734, 0.06508419897407293, 0.06441424864033858, 0.06393669615603155, 0.06333536881125636, 0.06287205988748205, 0.06230158310383558], "regression": [0.06022554725408554, 0.053335235131283604, 0.052887108830942046, 0.052300678557819794, 0.051685971034069855, 0.05102996075318919, 0.05032126169651747, 0.049744960806436006, 0.0493337889181243, 0.048817454510264924, 0.04841668805314435, 0.04792438515358501], "ssim": [0.315059715045823, 0.30402355286810134, 0.30266816231939525, 0.3011274133788215, 0.29957704404989877, 0.29742990738815733, 0.2952587396568722, 0.29338575058513217, 0.29205813944339754, 0.2903582807381948, 0.2891074307097329, 0.28754395186901094]}