{"total": [0.07597853332344029, 0.06853641312983301, 0.06802051714724965, 0.06735704958852795], "regression": [0.06022554725408554, 0.053335235131283604, 0.052887108830942046, 0.052300678557819794], "ssim": [0.315059715045823, 0.30402355286810134, 0.30266816231939525, 0.3011274133788215]}