{"total": [0.09536313412090143, 0.06969982146802876, 0.06812175427460009, 0.06737458501425055, 0.06695231808970371, 0.06650807236631712, 0.06589480305711429, 0.06536684157533779, 0.06483948038270076, 0.06442083104617066, 0.06396983347419236, 0.06360032694621219, 0.06324636587252219, 0.06298213337030675, 0.06270209187434779, 0.06250869169003434, 0.06217603288590908, 0.061928470983273455, 0.06171973713984092, 0.061468622564441626, 0.061191563419997694, 0.06101453483518627, 0.060748522331317265, 0.060542780475484004, 0.06022956609725952, 0.060064831930730075, 0.05985681167493264, 0.059598853327333924, 0.059419610189894834, 0.05924512833356857, 0.058992216719521415, 0.05877185908870564, 0.058521207910445, 0.058345467957357566, 0.05805661285916964, 0.0578524000901315, 0.05766113985743788, 0.05736048862338066, 0.05711300402051873, 0.05686492454674509, 0.05673686482012272, 0.056360480942659906, 0.05622014823473162, 0.05596499767568376, 0.05568538009292549, 0.05546789569159349, 0.05527477425419622, 0.05496504958719015, 0.054733134503993724, 0.054469171944591735, 0.054255353916022514, 0.053949110478990606, 0.05373907484942012, 0.05350008436375194, 0.053229709826409816, 0.05298658719079362, 0.05267154493265682, 0.052434303814338314, 0.052218087361090716, 0.051954643916752606], "regression": [0.07890172505958212, 0.05459445101519426, 0.053057447998887966, 0.0523543413894044, 0.05197667042828268, 0.051583675315810575, 0.05104222326642937, 0.05058424963719315, 0.05012534112979968, 0.049753264031476445, 0.04935912354124917, 0.04903997083091074, 0.048740632190472546, 0.048514759838581084, 0.04827528376960092, 0.048108819011184904, 0.04782643049541447, 0.04761302440530724, 0.04743372433301475, 0.04722157216320435, 0.046983159561124116, 0.04683149247947666, 0.046605488111575444, 0.04643255574007829, 0.04616662254350053, 0.04602709485424889, 0.04585358976903889, 0.0456346261749665, 0.045483184311952855, 0.045333481513791615, 0.04512890429132514, 0.04493929341435433, 0.044729494667715496, 0.04457908286816544, 0.0443346260736386, 0.04416363104350037, 0.04400408828424083, 0.043749592080712316, 0.04354691573315197, 0.04334180198609829, 0.04323610521025128, 0.0429236444665326, 0.04280600965023041, 0.04259457093973955, 0.04236738128794564, 0.042184949641426404, 0.042028896907965345, 0.04177101414650679, 0.0415810712840822, 0.04136241821779145, 0.04119032771637043, 0.04094179412557019, 0.040769926379952165, 0.0405821394506428, 0.040353539176285265, 0.0401616072240803, 0.039899384673270914, 0.039710639326108826, 0.03953897342913681, 0.03932742651551962], "ssim": [0.32922817918989394, 0.30210740473535325, 0.3012861209445529, 0.3004048669338226, 0.29951294594340855, 0.29848793354299336, 0.2970515874359343, 0.29565183606412676, 0.29428278221024406, 0.2933513344658746, 0.29221419162220424, 0.2912071173058616, 0.29011467191908097, 0.2893474660317103, 0.28853615661462145, 0.28799744857682125, 0.2869920417335298, 0.2863089271386464, 0.2857202504740821, 0.28494100438223946, 0.2841680724091, 0.2836608421140247, 0.2828606799576018, 0.28220448950926463, 0.2812588667207294, 0.2807547355360455, 0.28006443500518796, 0.27928453816307913, 0.2787285123931037, 0.2782329316271676, 0.2772662454181247, 0.2766513071457545, 0.2758342593246036, 0.27532769627041287, 0.274439730975363, 0.27377537700865, 0.27314102861616346, 0.27221792625056374, 0.27132176174057854, 0.2704624468750424, 0.27001518732971613, 0.26873672399255966, 0.26828276726934647, 0.26740853011608123, 0.26635997149679397, 0.2656589166985618, 0.2649175426695082, 0.2638807033830219, 0.2630412585205502, 0.26213507109218176, 0.2613005181815889, 0.2601463227801853, 0.2593829635116789, 0.2583588929971059, 0.25752340773741406, 0.25649959438376957, 0.2554432008001539, 0.25447328435050115, 0.2535822743177414, 0.2525443423456616]}