{"total": [0.10198903411269188, 0.09982637210130692, 0.09690714556097985, 0.0964421355175972, 0.09608703772068024, 0.09549560634255409, 0.09496629726171493, 0.09442960940003395, 0.0935607678425312], "regression": [0.09078698432803153, 0.08915235853791237, 0.08587655273199081, 0.08543153351008892, 0.08509242587685585, 0.08451632771015168, 0.08400576194047928, 0.08347926101744176, 0.08258967490911484], "ssim": [0.22404099572181702, 0.21348027117729187, 0.22061185670852662, 0.2202120401954651, 0.219892236328125, 0.21958557260513306, 0.21921070685386657, 0.21900696760177613, 0.21942185878753662]}