{"total": [0.11957388348062459, 0.1026347867486743, 0.1016843522682182, 0.10139220085476981, 0.10128505094838368, 0.10123455149640248, 0.1011293457116702, 0.10108404079124307, 0.10101142975355373, 0.10095231339277524, 0.10086211777276162, 0.10086852386966141, 0.1008708251062067, 0.10083264668059971, 0.10077764527838075, 0.10075523860665707, 0.10071849234728995], "regression": [0.10430526816964084, 0.08818831509480803, 0.0872032466338847, 0.08687143610673505, 0.08673666822602523, 0.08667013713927615, 0.08653858754533586, 0.08649084935050617, 0.08638804374073426, 0.08634264739038942, 0.08624064630266695, 0.0862406309754037, 0.08623679957741966, 0.08620892385272169, 0.08614444786445886, 0.08611228184641102, 0.086075617328311], "ssim": [0.3053723035885982, 0.288929434533519, 0.289622112488098, 0.2904152948945049, 0.2909676543809784, 0.29128828739074125, 0.2918151605797767, 0.2918638291787863, 0.2924677203060322, 0.29219331812818866, 0.2924294291040356, 0.29255785755420116, 0.2926805100131207, 0.29247445602803546, 0.2926639484604619, 0.29285913431134775, 0.29285750082636597]}