{"total": [0.08912021957233923, 0.08911567524766324, 0.08911452062898022, 0.08911470164902892, 0.08911418402525494, 0.089115159227866, 0.08911443471746207, 0.0891152662485869], "regression": [0.07991715506271424, 0.07991455468547005, 0.07991344814963555, 0.07991366419630681, 0.07991315223428119, 0.07991408403153365, 0.07991337324852325, 0.07991417642617897], "ssim": [0.184061289731266, 0.1840224110266909, 0.18402144955483438, 0.18402074895102655, 0.1840206353303188, 0.1840215042575773, 0.18402122912644198, 0.184021795678746]}