{"total": [0.1396393766326289, 0.05431848091463889, 0.046328003247899395, 0.04405199411895967, 0.04220322543574918, 0.04145942448127654, 0.040562809234665285, 0.04073012488022927, 0.039911601932779435, 0.03940048970041737, 0.03959766234601698, 0.0390870065218018, 0.039202458675830595, 0.03875574745958851, 0.038781617677980856, 0.038779196960310784, 0.03824111867335535, 0.03782395591899272, 0.03785159619104478, 0.037720092482143835, 0.03761735450356237, 0.03750759693643739, 0.038200868113387014, 0.03783174664262803, 0.03757258047980647, 0.03753404613704451, 0.03746253227995288, 0.037203334752590425, 0.03725647493716209, 0.03740113516969065, 0.036822294395777486, 0.03705361978180947, 0.03717439705806394, 0.03701483193905123, 0.03704384221665321, 0.037132629343578895, 0.03766962609464122, 0.03685709906201209, 0.036894507585994656, 0.03690705556542643, 0.037764719897700895, 0.037401220971538175, 0.037189257481405814, 0.03775358176039111, 0.03703728168001098, 0.0367502469809786, 0.037055828278103185, 0.03704831124313416, 0.03666812193489844, 0.03677381557081976, 0.03711669711816695, 0.03671766979800117, 0.036800313981310014, 0.0367330887745465, 0.036733675567853834, 0.036593198896415775, 0.03665489943758134, 0.03650021643167542, 0.03631585055301266, 0.036302575541119424], "regression": [0.12648889350314294, 0.04728083264443182, 0.039544367261471286, 0.037281988969733636, 0.03552614681182369, 0.03479652130796063, 0.033928933042672374, 0.03405580693675626, 0.03331509671143947, 0.032821698534873225, 0.03298808057462015, 0.032510604949728135, 0.032602097779031725, 0.03215659439804092, 0.03221387458184073, 0.032201181436257977, 0.03170779737974367, 0.031353064482250524, 0.03139018778118395, 0.03124072540911936, 0.031181240874913432, 0.031074195198955074, 0.03172733700804172, 0.03136115767542393, 0.031134045833060817, 0.031121200551429102, 0.031052612969952244, 0.030791304164355802, 0.030842224496506875, 0.030984489727885492, 0.03044542435917162, 0.03065751943617098, 0.030764830388849782, 0.03062309979671432, 0.0306609432783819, 0.03074335733488683, 0.03121820903353153, 0.030480249214076226, 0.030508746723494223, 0.03053168105261941, 0.031299247196124445, 0.03097723718852766, 0.030771622013661168, 0.0312737746224288, 0.030650896350702932, 0.03037272363660797, 0.030652696567197, 0.03066689977722783, 0.030311543554548296, 0.030406276845643596, 0.030716787002259684, 0.030345583274479834, 0.03043677201194148, 0.03036481268223255, 0.030375193864587816, 0.030230999653858524, 0.03029047433407076, 0.03014698486414648, 0.029979646806755373, 0.029973406044225537], "ssim": [0.2630096347101273, 0.14075295963594991, 0.13567271732514904, 0.13540009913905973, 0.13354156863304875, 0.13325806394700082, 0.132677516629619, 0.13348635358195152, 0.13193010514782322, 0.13157581898473925, 0.1321916349472538, 0.13152803144147318, 0.13200721817631875, 0.13198306291334092, 0.13135485687563497, 0.13156031600890622, 0.13066641746028776, 0.1294178270524548, 0.12922817084097094, 0.12958734073946554, 0.1287222658434222, 0.12866803138486801, 0.12947062138588197, 0.1294117742969144, 0.12877069173320646, 0.12825690546343405, 0.12819839100683889, 0.12824060839991416, 0.12828500424661943, 0.12833290523098362, 0.1275373928008541, 0.1279220119599373, 0.1281913326632592, 0.12783464500980993, 0.12765797684269567, 0.12778543849145213, 0.12902834915345715, 0.1275369967183759, 0.12771521460625432, 0.12750748665102066, 0.1293094523491398, 0.12847967109372538, 0.12835270935489285, 0.129596144922318, 0.12772769889523905, 0.12755047121355612, 0.12806263469880627, 0.12762822835676133, 0.12713157169280515, 0.12735077065806236, 0.12799819630961265, 0.12744172542325913, 0.12727084275214903, 0.1273655160780876, 0.1271696359880509, 0.12724398413012106, 0.12728849918611587, 0.12706462798580045, 0.12672407204105007, 0.12658338200661443]}