{"total": [0.0345670241043654, 0.033809207690000335, 0.03312661454842516, 0.03202448876873445, 0.03135955667478874, 0.03090345577675205, 0.030578648185684693, 0.030251837021984262, 0.02998523279192723, 0.02971497168306953], "regression": [0.02849844824900122, 0.027800786235922127, 0.027167558934862147, 0.02615587560085426, 0.025552271602299483, 0.02514255195034111, 0.024850133832832556, 0.024557291301636294, 0.024317708712905055, 0.024074330855568843], "ssim": [0.12137151525859663, 0.12016842705142058, 0.11918111012324736, 0.11737226135873675, 0.11614569912858715, 0.115218074184274, 0.11457028482114479, 0.11389091201881353, 0.11335047925640204, 0.11281281409414484]}