{"total": [0.10683569036431326, 0.09845587336967374, 0.0968527492898976, 0.09332729892046186, 0.08092253890967056, 0.06624213361270002, 0.058255702548586585, 0.053770631873032416, 0.05088847356873202, 0.04806395489083494, 0.046238377789449295, 0.04420724256622864, 0.04305635632259718, 0.04145332872413718, 0.03964805332857204, 0.03856828736165809, 0.03731312709417088, 0.03640270454951799, 0.03539017897962798, 0.034402260805249364, 0.03363706910180698, 0.032690015501148924, 0.03188396231446006, 0.031570878393444045, 0.030648537791737495, 0.030461210521005522, 0.029660550260551467, 0.029562764202398954, 0.02864353786216366, 0.02807357271105462, 0.027926603619411766, 0.02723756775740115, 0.026677641001180336, 0.02632899440074911, 0.026542788748272567, 0.025370048590747353, 0.025294460823240477, 0.025161219910671023, 0.024776054734352806, 0.02419821529536627, 0.024048601276873968, 0.023981448164990257, 0.02406865058621465, 0.023771904198122584, 0.02341862936044645, 0.02262974811019749, 0.022551206646725396, 0.022270149892030636, 0.021806084145423062, 0.021843317109624442, 0.021453693974912452, 0.021098357450925278, 0.020970689912743774, 0.020916999401014064, 0.021287205368077364, 0.02076793393569856, 0.020644723443101236, 0.02021651452036384, 0.020245780984406176, 0.01989236204285066, 0.019602917503229927, 0.019535939453116553, 0.019482391268019685, 0.019667104324944014, 0.018896106727906203, 0.01885180383157457, 0.018616609421653333, 0.018790669104430148, 0.018418734491889046, 0.018185425099461992, 0.018369694787420097, 0.01824464306830118, 0.01785693315382415, 0.01801405045699236, 0.017878463441931825, 0.017457841837294364, 0.017903320040731772, 0.017355617418534083, 0.01785112686458833, 0.01762515231823646, 0.017005082855551107, 0.016901476092220938, 0.01689738518450649, 0.016856533500003715, 0.01684212464386548, 0.016659719102399953, 0.016956733277532755, 0.0161975860573607, 0.016607141093855277, 0.01669692105108125, 0.016579672918153633, 0.016677902286747454, 0.01593327152346592, 0.016305399671048833, 0.01647120264262372, 0.015987207382408594, 0.016423787714739704, 0.01607871883670922, 0.01571317311524437, 0.01565430187132017, 0.015787751274735796, 0.015773063954939326, 0.015443381993144836, 0.015481436067344707, 0.015474106048978208, 0.015555673602845432, 0.015288649972214095, 0.015050966029257566, 0.015076878170371438, 0.015309965859653094, 0.015768778806002276, 0.01481268263674864], "regression": [0.08980377400894125, 0.0818112332656927, 0.08029287444375653, 0.07689876867438517, 0.06533827188712314, 0.05208235894875979, 0.045089913285497135, 0.04125647957736233, 0.03884744066500194, 0.036500236783302074, 0.0350366944184992, 0.03340211459180222, 0.032581773110309756, 0.03138615413078917, 0.030038513688107223, 0.029278676822523577, 0.028361158447269066, 0.027712491718062646, 0.026974738436670746, 0.026261815530137206, 0.025736321321007494, 0.025052790625875444, 0.024487449792036074, 0.02430782752167093, 0.023657797478944417, 0.023550453416360573, 0.022979599411464074, 0.022947177502322787, 0.022264683807854586, 0.021856269242290352, 0.021775527460409227, 0.021276888437270543, 0.020868634235361096, 0.020632569951940783, 0.02081165019435908, 0.019934673362141928, 0.01990046198938177, 0.01981699529261295, 0.019541311225578853, 0.01911690771733818, 0.019010831053097324, 0.018979059692332476, 0.01906710987448998, 0.01885649316704409, 0.01858947840025072, 0.01799867384890575, 0.017951173267412947, 0.01774728777374966, 0.017401902841743883, 0.017434314946468136, 0.017150523737622363, 0.0168846685611937, 0.016804557890846547, 0.016777865311866026, 0.01706160164225289, 0.01667806523833836, 0.016587094505624764, 0.01627589241189762, 0.016297800388185974, 0.0160378771184628, 0.015825045135907732, 0.0157780620869955, 0.01573767208408549, 0.015887161809980926, 0.015305583775831782, 0.015279477643719197, 0.015101501916730183, 0.01524109571053025, 0.014968423611469836, 0.014791520761816251, 0.014934176518502679, 0.014835468545656396, 0.014547930281213955, 0.014672439144975045, 0.014569378366592929, 0.014255993761857969, 0.014598354060022484, 0.014182873510968497, 0.014561854823635496, 0.014392266547741532, 0.013927498484480052, 0.013846380873778838, 0.013847150191313546, 0.013817899867010808, 0.013805223216516787, 0.013674647678985699, 0.01390471260005721, 0.013327035818544001, 0.013640129959324817, 0.013706256224916852, 0.013616721293912575, 0.013691989811864102, 0.013130215073375221, 0.01341219447581823, 0.01354212364741446, 0.013177424260487099, 0.013508262774426611, 0.013248885575050095, 0.012970307038970943, 0.012928987896824139, 0.013031035275313478, 0.013018421445946044, 0.012769801432577969, 0.012798219542973084, 0.012797225774607719, 0.012860763044959174, 0.012655522247926284, 0.012477429906750154, 0.012501283694188845, 0.012675046865834606, 0.013016317391474876, 0.012300803879668273], "ssim": [0.3406383171605926, 0.3328927914543617, 0.33119748841879193, 0.3285705966993798, 0.31168533288809536, 0.28319548885957596, 0.26331578030269776, 0.250283040825317, 0.24082065196173358, 0.23127435741611077, 0.22403366214459278, 0.2161025538510258, 0.2094916582642629, 0.201343485868753, 0.19219078640022044, 0.18579220351365638, 0.17903936560928305, 0.17380424973749892, 0.16830880370954934, 0.16280889946820454, 0.15801495025080722, 0.15274449293335954, 0.14793024738846242, 0.14526101380213977, 0.1398148033128942, 0.1382151387486178, 0.13361901409849977, 0.13231173183490696, 0.12757707891956513, 0.12434606723733421, 0.12302152081994377, 0.11921358406639282, 0.11618013277234233, 0.11392848642256903, 0.11462276887343303, 0.108707502259777, 0.10787997455236124, 0.106884489612879, 0.10469486760038257, 0.10162614906548918, 0.10075540193268488, 0.10004776720054336, 0.10003081184810994, 0.0983082184083724, 0.0965830168115592, 0.09262148320732226, 0.09200066498129289, 0.09045724019900313, 0.08808362419003667, 0.08818004109531535, 0.08606340218981554, 0.08427377599827485, 0.08332263825221795, 0.0827826801000707, 0.08451207269266195, 0.08179737211382133, 0.08115257715024639, 0.07881244016633886, 0.07895961014954621, 0.07708969671170503, 0.0755574458606276, 0.07515754564789176, 0.07489438223586552, 0.07559884874894857, 0.07181045725468681, 0.07144652256869322, 0.07030214870461442, 0.0709914665032595, 0.0690062165489637, 0.06787808568632805, 0.0687103639355299, 0.0681834892226779, 0.0661800564118936, 0.06683222501848936, 0.06618170011651252, 0.06403696026776073, 0.06609931829916663, 0.06345487684345888, 0.06578543941804177, 0.0646577139969398, 0.061551686145816714, 0.06110190313265239, 0.061004698907155645, 0.06077267166971205, 0.06073802726778628, 0.059701427506804274, 0.06104041229421109, 0.05741100358672538, 0.05934022139111709, 0.059813295277543234, 0.05925903141823439, 0.059718248189814235, 0.05606112781339977, 0.05786410273172489, 0.05858157865127412, 0.05619566121060102, 0.05831049764412418, 0.056596664214371185, 0.054857320034874674, 0.054506278278813144, 0.05513431864237319, 0.05509284898309075, 0.05347161009816949, 0.053664329362320726, 0.05353760411625453, 0.053898210115026074, 0.05266255337139397, 0.05147072152091586, 0.05151188857053174, 0.05269837845743906, 0.05504922686803414, 0.050237573924527865]}