{"total": [0.09946241191313335, 0.09205337842904286, 0.09146266600458085, 0.09086514256939975, 0.09016738932803106, 0.08866368123796285, 0.08604711005849386, 0.08151419108429564, 0.0755835361957894, 0.06955154839713208, 0.06440952633193725, 0.060323896300395204, 0.057514453570156304, 0.05505828257696718, 0.05279205162370767, 0.05124265434350024, 0.0495448147411643, 0.047856125121852, 0.04665635189721698, 0.04557495465327165, 0.04445930934532325, 0.043548469617126766, 0.04254310631019139, 0.04125251690401753, 0.041089959720907475, 0.03978402833070614, 0.03912553342872034, 0.038329077583569564, 0.037967120446849995, 0.0370214617619743, 0.03651591712915293, 0.036026361006341635, 0.03554234013460641, 0.03459579768223654, 0.03420682968682263, 0.033821988018344865, 0.033421447177505066, 0.03351264002124692, 0.03258522230750783, 0.03199952265349822, 0.03154721509028643, 0.03167301943838004, 0.030819960584689044, 0.030787861281626687, 0.030432544378118855, 0.030308635508848828, 0.029218729001354353, 0.029674151251238866, 0.029002520785156104, 0.028632586237858908, 0.02841098205033844, 0.02768247226643119, 0.02844208619626297, 0.027875695714405156, 0.027369382819587812, 0.027338037038005174, 0.026486482769226983, 0.027435965978777267, 0.026503107651743265, 0.026338550848895328, 0.025989935564073703, 0.025942621185286337, 0.02575080879820907, 0.02633898543703342, 0.02599200392073261, 0.02562261007740525, 0.02524444446536202, 0.025624626476476498, 0.025528469959912335, 0.025255022175746225, 0.025035066256594032, 0.02412326679794633, 0.02390031222374671, 0.024133340297036922, 0.024324588346229067, 0.02354607084582692, 0.023644732282105528, 0.024300999948399578, 0.023711591386888685, 0.022726527505093526, 0.023974602898082967, 0.023057410931235593, 0.023249372830372584, 0.022832964673882, 0.0223816955010023, 0.022785641607130022, 0.022346718305182613, 0.022120072826165044, 0.02186242778286572, 0.021903737483688866, 0.021880090055415725, 0.02157007032272601, 0.021908516566227, 0.022192045785880847, 0.02136309125674778, 0.021283994691279808, 0.021272724072719736], "regression": [0.08348638915019985, 0.07630335099567546, 0.07572432617206304, 0.0751414920115899, 0.07444746939345367, 0.07297366425041474, 0.0704556719906707, 0.06618619375539996, 0.06072218409426207, 0.05524433950280562, 0.050646862276101504, 0.04703390097371582, 0.04458419840667025, 0.042462887687345234, 0.0405312120298156, 0.03921478431410287, 0.03778396454036866, 0.036371234994299256, 0.03538275504697971, 0.03449952358970584, 0.033587350364644275, 0.03287682913090889, 0.03207156392971114, 0.031038026801068916, 0.03094645176690792, 0.029904148284896476, 0.02939162668916861, 0.02876894742623091, 0.028506327922115268, 0.02776682786297133, 0.027403585307608242, 0.02703781777341307, 0.026680268866821295, 0.02595328313094582, 0.025681484896127097, 0.025412671414298597, 0.025111244953201342, 0.02523229896912364, 0.024518337853804695, 0.02407527118849617, 0.023748317765655447, 0.02386902159592898, 0.023239038099330867, 0.02323750793604218, 0.02298264119340541, 0.0229255296272005, 0.022109144439836578, 0.022480600692974372, 0.021993538213678183, 0.021725913340123696, 0.02156493999123688, 0.021028280119331326, 0.02164726512630223, 0.021210396693707105, 0.020844781372078663, 0.02082398491121802, 0.02018832130511102, 0.02091630666303822, 0.020224680784586894, 0.020106231063095545, 0.019860328516721936, 0.019838895376995038, 0.01969358512523198, 0.020174769519249878, 0.01990971281950139, 0.019625190325062238, 0.019340524249884822, 0.019666079035534637, 0.019594277776288044, 0.01938859280497409, 0.019237702661953834, 0.018535539589382758, 0.018382068304210644, 0.018552704624062492, 0.018713035803191475, 0.018136515870926833, 0.01821872400392818, 0.01872445365372817, 0.018285070793507916, 0.017538969885437256, 0.018492598436849264, 0.017804666998300196, 0.017959481663583906, 0.017636995122395634, 0.017306387342653544, 0.017616287814993702, 0.017299389947383746, 0.017132871575550837, 0.01693817957639742, 0.016978923714492482, 0.01695712654110559, 0.01674175558479771, 0.017000046193196, 0.01720496904255441, 0.01659382097560431, 0.01653144354434847, 0.01652585646437983], "ssim": [0.3195204490383071, 0.3150005423514344, 0.3147667912421757, 0.31447300684685203, 0.31439839209375875, 0.3138003350259708, 0.3118287554036428, 0.306559941465941, 0.29722703808429496, 0.286144173443413, 0.2752532759283016, 0.26579990248223, 0.25860509846828883, 0.25190789271868663, 0.24521678672764843, 0.24055739619021768, 0.23521699866028542, 0.22969779688488715, 0.22547193196921364, 0.22150861586313594, 0.21743917348637876, 0.21343280388858693, 0.20943084163289682, 0.20428979564989633, 0.20287015312717066, 0.1975975939576998, 0.1946781276892148, 0.19120259545253768, 0.18921584338093078, 0.1850926706178634, 0.18224662941745856, 0.17977085800345183, 0.17724141863608597, 0.17285028418198195, 0.1705068890274087, 0.16818632591072663, 0.16620403860730595, 0.165606815373909, 0.1613376842129112, 0.1584850244126132, 0.1559779421569981, 0.15607995194248298, 0.1516184456725272, 0.1510070626955072, 0.14899805949719605, 0.1476621135720537, 0.14219168786935296, 0.14387100782100876, 0.1401796487708549, 0.1381334545865354, 0.1369208382199536, 0.13308384037048399, 0.1358964181588452, 0.1333059779571088, 0.13049202633806053, 0.13028103996064655, 0.1259632269592383, 0.13039318396900662, 0.12556853426997194, 0.12464639274077982, 0.12259213849496062, 0.12207451337574002, 0.12114447043774486, 0.1232843153482066, 0.12164581960957568, 0.11994839243951537, 0.1180784015290131, 0.11917094645036952, 0.11868384114516473, 0.11732858488214976, 0.1159472692352948, 0.11175454175025082, 0.1103648761022775, 0.1116127105774349, 0.11223104826415643, 0.10819109669477751, 0.10852016295023016, 0.11153092302929021, 0.1085304093689596, 0.10375114966753624, 0.1096400869469797, 0.10505487611944303, 0.10579782080367499, 0.1039193883351922, 0.1015061605393256, 0.10338707333690426, 0.10094656442441631, 0.09974402244674277, 0.098484961391833, 0.0984962726678937, 0.09845926747103462, 0.09656629198520143, 0.09816940494285405, 0.09974153212302386, 0.09538540269901218, 0.09505102018317797, 0.09493734957736896]}