{"total": [0.1044597407592991, 0.10156284848942748, 0.1015431665665967, 0.1015453109438058, 0.10154870961239972, 0.10154627786865504, 0.10153625166247382, 0.10154330511595526, 0.10154162883460688, 0.10154016129362259, 0.10153852600080976, 0.10154006411753251, 0.10153639884970705, 0.10153748973715908, 0.10153532896950006, 0.10154215154185817, 0.10154113195410441, 0.10153423708918888, 0.10153715944601258, 0.10153890785030495, 0.10154128671188874, 0.10154068087336754, 0.10153964575150488, 0.10154442375382075, 0.10153799583056713, 0.10153973415320215, 0.10153882782585683, 0.10153010168186762, 0.10153731934597994, 0.10153850614776352, 0.10154259423293517, 0.10153898627376769, 0.10154425941080865, 0.10153943899685909, 0.10154037733977533, 0.10153983846546742, 0.10154370503135021, 0.10154059374170261, 0.10154164765342483, 0.1015373643555951, 0.10153666343839879, 0.10153754877504675, 0.1015372970438811, 0.10154054718488194, 0.10153815529615862, 0.10154008985740619, 0.10153420549558309], "regression": [0.08994090181880365, 0.08717324332784508, 0.08715292245050327, 0.08715484062543781, 0.0871566743618379, 0.08715647507432035, 0.08714820950942063, 0.08715530481605249, 0.0871539548295925, 0.08715275135604889, 0.08715133393790443, 0.08715242824244672, 0.08714921870524853, 0.08715041762818766, 0.08714788431495114, 0.08715444455323519, 0.08715348262991394, 0.08714721543814724, 0.0871501846000064, 0.08715178983814514, 0.08715377107618386, 0.08715286132761137, 0.08715223641171514, 0.08715647101600854, 0.08715056970938916, 0.08715253739903729, 0.08715128621447424, 0.08714335714609077, 0.08714989854487229, 0.08715130178167844, 0.08715518114717055, 0.08715179803750701, 0.087156596327245, 0.08715199976994023, 0.0871525936486455, 0.08715245525235273, 0.08715592989121987, 0.08715300091947203, 0.08715390203844368, 0.08715006577544977, 0.08714920321250876, 0.08715002709944866, 0.08715003545601324, 0.08715312750074083, 0.08715082651654725, 0.08715266467117058, 0.08714723284627782], "ssim": [0.2903767801999119, 0.2877921036122442, 0.287804881974368, 0.28780940573854885, 0.2878407027773034, 0.2877960556219314, 0.28776084334237384, 0.2877600054685306, 0.28775347950457203, 0.28774819749385233, 0.2877438397026274, 0.28775271804778857, 0.2877436022107168, 0.28774144095490206, 0.2877488928593112, 0.28775413978900727, 0.2877529852592833, 0.28774043399714416, 0.28773949663881326, 0.28774235991224323, 0.28775031294576464, 0.28775639172595846, 0.28774818627454385, 0.2877590536806466, 0.2877485210335566, 0.2877439353480596, 0.28775083343563046, 0.2877348904673223, 0.2877484161545342, 0.28774408540217367, 0.28774826054040886, 0.2877437635172347, 0.28775326193603523, 0.28774878503480666, 0.28775567554355264, 0.28774766598324986, 0.2877555036465371, 0.28775185651080204, 0.2877549123658133, 0.2877459717683829, 0.28774920471637266, 0.2877504334457711, 0.28774523169116667, 0.28774839255758156, 0.28774657655199126, 0.28774850438661803, 0.287739450967292]}