{"total": [0.4960993478695552, 0.48175815617044765, 0.46764354531963664, 0.4529314773778121, 0.4379812528689702, 0.42050345862905186, 0.40265526498357457, 0.3852849292258422, 0.3688337194422881, 0.35333184773723286, 0.3379667103290558, 0.32305145139495534, 0.30855639403065044, 0.29465045779943466, 0.28024767339229584, 0.26772646233439445, 0.2559234711031119, 0.24567728862166405, 0.2364574143042167, 0.22824644607802233, 0.2211429247011741, 0.21428975214560828, 0.20860118605196476, 0.20325598617394766, 0.19841549918055534, 0.19423810578882694, 0.1902336118121942, 0.1865327830115954, 0.18326525452236334, 0.17976373868683973, 0.17716050458451113, 0.17446240844825903, 0.17184029457469782, 0.16947815380990505, 0.1672818480680386, 0.16521708853542805, 0.16319172767301401, 0.16146224985520044, 0.15965239703655243, 0.15804040028403202, 0.15622142516076565, 0.15477525753279528, 0.15330949363609156, 0.15170134666065374, 0.15022318220386902, 0.14907020796090364, 0.14803153400619826, 0.1469117198139429, 0.14537687289218107, 0.1446697503949205, 0.14331673240909973, 0.14247439304987589, 0.1413553524762392, 0.14045291176686683, 0.13954590540379286, 0.13897437136620283, 0.13786093114564815, 0.13705873303115368, 0.1362635629872481, 0.13548187166452408, 0.13502793355534473, 0.13424844418962797, 0.1337153029938539, 0.13281709235161543, 0.13228218040118614, 0.13187558421244225, 0.13132180087268353, 0.1304774604116877, 0.13016704532007375, 0.12968989461660385, 0.12911097457011542, 0.12834713080277046, 0.12797920436908802, 0.12759514835973582, 0.1271417268241445, 0.12625147526462874, 0.12574339720110098, 0.12559074256569147, 0.12520263840754828, 0.12480622064322233, 0.12418464074532191, 0.12398951717962821, 0.12351806213458379, 0.12313268582026164, 0.12311125205208857, 0.12239629185448091, 0.12200101620207231, 0.12177207289884488, 0.12158649135380983, 0.12109248992055655, 0.12068458863844474, 0.12030241638422012, 0.12009103658298652, 0.11985254256675641, 0.1195013706261913, 0.11919910336534183, 0.11895808732757966, 0.11851853877305984, 0.11855337582528591, 0.11836503042529027], "regression": [0.4492446593940258, 0.4351826434334119, 0.4212193849186103, 0.4065587669610977, 0.3916375736395518, 0.37427031124631566, 0.3567541589339574, 0.3399243901173274, 0.32418303315838176, 0.3095894368986289, 0.29532147323091823, 0.281897126386563, 0.2694166327516238, 0.25798195227980614, 0.24648229901989302, 0.2368706682076057, 0.2279451253513495, 0.22000022108356157, 0.2126812736193339, 0.20591947808861732, 0.20000513767202696, 0.19411580388744673, 0.18908914613227049, 0.18440419808030128, 0.18008410558104515, 0.17628747721513113, 0.17278926695386568, 0.169318787753582, 0.16634921357035637, 0.1631297760953506, 0.1606904622167349, 0.1581814388434092, 0.15574418753385544, 0.1535338101287683, 0.1514581898227334, 0.14950520203759274, 0.1476093033949534, 0.14590838396300873, 0.14426380302757025, 0.1427022647112608, 0.1409898033986489, 0.1395738689849774, 0.13819807829956213, 0.13667876118173203, 0.13524284275869528, 0.13415356104572615, 0.1331379512945811, 0.1320697177822391, 0.13061568792909384, 0.12990190368145704, 0.12863888467351595, 0.12782357291628918, 0.12672975535194078, 0.12587208983798823, 0.1249800951530536, 0.12442272001256545, 0.12336979899555445, 0.12255230049292247, 0.12181151596208413, 0.1210305942222476, 0.12057350296527147, 0.11986011546105146, 0.11930084663132827, 0.1184515655040741, 0.11792423638204734, 0.11753217751781146, 0.11700049322098494, 0.11617777589708567, 0.11584752549727757, 0.11539952394862969, 0.11484709071616332, 0.11410656943917274, 0.1137213371694088, 0.11335613516469796, 0.11290278161565463, 0.11206100756923358, 0.11153092111150424, 0.11135269639392693, 0.11102792030821244, 0.11059698276221752, 0.1100113916521271, 0.10979325510561466, 0.10931162411967914, 0.10897833574563265, 0.10892596747726202, 0.1082290317863226, 0.10785046095649402, 0.10765181140353282, 0.10743600409477949, 0.10693405413379271, 0.10656172937403123, 0.10616624758889277, 0.10597026658554871, 0.10572601885845263, 0.10531314151982467, 0.10505522352953751, 0.10483530101676782, 0.10435864174117644, 0.1044034706428647, 0.10416791929552953], "ssim": [0.9370938092470169, 0.9315102224548658, 0.9284831682840983, 0.9274542033672333, 0.92687359948953, 0.9246629054347674, 0.9180221408605576, 0.9072108144561449, 0.8930136586229006, 0.8748481969038645, 0.8529047394792239, 0.8230865324536959, 0.7827953149875005, 0.7333701327443123, 0.6753075793385506, 0.6171158999204636, 0.5595669324199358, 0.5135413606961569, 0.47552286088466644, 0.44653935730457306, 0.42275575548410416, 0.4034789303938548, 0.3902407834927241, 0.3770357420047124, 0.36662785708904266, 0.35901257892449695, 0.3488868872324626, 0.3442799150943756, 0.3383208190401395, 0.3326792394121488, 0.32940083493789035, 0.32561935981114704, 0.3219221457839012, 0.3188868860403697, 0.31647318849960965, 0.31423772871494293, 0.3116485079129537, 0.3110773265361786, 0.30777188142140705, 0.3067627126971881, 0.304632435242335, 0.30402778337399167, 0.30222828189531964, 0.30045168846845627, 0.2996068050463994, 0.29833293954531354, 0.2978716666499774, 0.29684004187583923, 0.29522369305292767, 0.2953569417198499, 0.29355696588754654, 0.2930164039134979, 0.292511947453022, 0.2916164497534434, 0.2913161938389142, 0.2910330146551132, 0.28982264300187427, 0.2901286731163661, 0.2890409305691719, 0.28902554015318555, 0.28908858944972354, 0.2877665733297666, 0.2882891322175662, 0.28731052825848263, 0.28715887665748596, 0.2868681574861209, 0.2864261443416278, 0.28599367539087933, 0.2863903765877088, 0.28580740590890247, 0.2852776696284612, 0.28481122851371765, 0.28515734771887463, 0.2847802887360255, 0.2847789203127225, 0.2838093787431717, 0.28424952179193497, 0.28476090480883914, 0.28349433839321136, 0.2841847613453865, 0.283464973171552, 0.28392525017261505, 0.28412874042987823, 0.28308698038260144, 0.2837057237823804, 0.28334519018729526, 0.28301111112038296, 0.2824052448074023, 0.28300974269707996, 0.2831687207023303, 0.2824571927388509, 0.2827233721812566, 0.28241538753112155, 0.28253046174844104, 0.2837645908196767, 0.2828775967160861, 0.28245572249094647, 0.28319793691237766, 0.28299809495608014, 0.28394222011168796]}