{"total": [0.09916758337636399, 0.07834964588868852, 0.07508360509291973, 0.07311978069395801], "regression": [0.08159369040353626, 0.06219241322547782, 0.059205707990460925, 0.057506864196529575], "ssim": [0.35147784426321393, 0.3231446439144658, 0.3175579328942143, 0.3122583140734754]}