{"total": [0.2191983750090003, 0.11640883547564347, 0.10755753486106794, 0.10430287181710203, 0.102433773688972, 0.10121651676793893, 0.10038532984132569, 0.09969187031189601, 0.09927546015630166, 0.09891058504581451, 0.09866929426789284, 0.09842228361715873, 0.09826661041006446, 0.0981078390032053, 0.09797176858410239, 0.09788062625254194, 0.09777713939547539, 0.09772253533204396, 0.09763846142838399, 0.09757848472024004, 0.09746934846043587, 0.09754500274236004, 0.09751622161517541, 0.09746155779187878, 0.09742231604953606, 0.09738481153423588, 0.09736098473270734, 0.09733277310927708, 0.09731425282855828, 0.09729554286847512, 0.09727333284293611, 0.09726439012835424, 0.09724404166142146, 0.09724048323308428, 0.0972157393892606, 0.09722722865020235, 0.097213017133375, 0.09718506410717964, 0.097275760024786, 0.09722457050035398, 0.0972026406476895, 0.09719186353807648, 0.09718292175481717, 0.09717505130295952, 0.09716867003589869, 0.09716298198327422, 0.097157281357795, 0.09715222675974171, 0.09714699489995837, 0.09714320674538612, 0.09713876557846864, 0.09713467412317793, 0.09713151523222525, 0.09712762416650851, 0.0971253477036953, 0.09712317554901044, 0.09711938180650274, 0.09711723991980155, 0.09711529004077117, 0.09711293953781326, 0.09711102737734716, 0.09710846624026696, 0.0971066770143807, 0.09710563005258639, 0.0971037697357436, 0.09710140417640407, 0.09709991576770942, 0.09709867679824431, 0.09709763790791233, 0.09709590331961711, 0.09709402080625296, 0.09709347210203607, 0.09709037281572819, 0.09709057351574302, 0.09708889729032914, 0.09708802790070574, 0.09708740406980117, 0.09708529369284709, 0.09708442104359467, 0.09708283096551895, 0.09708378463983536, 0.09708251276363929, 0.09708186006173491, 0.09707982900242011, 0.09707841121902068, 0.09708089676375191, 0.09707905290027459, 0.09707656021540363, 0.09707764505098264, 0.0970748639665544, 0.09707540087401867, 0.09707942760239045, 0.09707604659100373, 0.09707721835002303, 0.09707601275295019, 0.09707500040531158, 0.09707230686520536, 0.09707112082590659, 0.09707583455989759, 0.09707397626092036], "regression": [0.19526521457980076, 0.10238918631027143, 0.0936810535689195, 0.09045222060134013, 0.08859138485665123, 0.0873747078391413, 0.08654345525428653, 0.08585377999891837, 0.08543467956284682, 0.08507005109762152, 0.08482500196744998, 0.08457778999581933, 0.0844199104855458, 0.08426152526711424, 0.08412368533511956, 0.08403345694144566, 0.08393220975995064, 0.08387180790305138, 0.08379161202659209, 0.08373144237945478, 0.08362875428671639, 0.08369151844332616, 0.08366036803151171, 0.0836063160871466, 0.08356730872765183, 0.08353043518339594, 0.08350667217746377, 0.08347915175060432, 0.08346081105992198, 0.083442656788975, 0.08342084319641192, 0.08341120664651196, 0.08339223234603803, 0.08338808811580141, 0.08336689664671819, 0.08337508328258991, 0.08335855199644963, 0.0833350361014406, 0.08341543950761358, 0.08336769944677751, 0.08334592822939157, 0.08333488724504907, 0.08332638380428155, 0.08331890668099125, 0.08331242529675364, 0.08330647461116314, 0.08330071313927571, 0.08329580134401719, 0.08329070995872219, 0.0832869194758435, 0.08328244245300691, 0.08327838592231274, 0.08327527701233824, 0.08327151741832495, 0.08326921441281836, 0.0832669644926985, 0.083263097020487, 0.08326086293285091, 0.08325882985567053, 0.08325645203391711, 0.08325452590361238, 0.08325193418810765, 0.08325014418611924, 0.0832491406860451, 0.08324733066062133, 0.08324494414652388, 0.08324360847473145, 0.0832424225906531, 0.08324134753396113, 0.08323979595055182, 0.08323805468777816, 0.08323753019794822, 0.08323465194553137, 0.08323488927756746, 0.08323345504080255, 0.0832326306651036, 0.08323197967062394, 0.08322997096305092, 0.08322917701055606, 0.08322760959466298, 0.08322852679217856, 0.08322729930902521, 0.08322661711523931, 0.08322463603690267, 0.08322322120269139, 0.08322556332374613, 0.08322375919669867, 0.08322132627169292, 0.08322225231677294, 0.08321971446275711, 0.08322024423008163, 0.08322418093060453, 0.08322084074219067, 0.08322195413832863, 0.08322065820296605, 0.08321959913397829, 0.083216884949555, 0.08321630908176303, 0.08322056429460645, 0.0832189538826545], "ssim": [0.4786632110675176, 0.28039296964804333, 0.277529609700044, 0.27701301624377567, 0.2768477723002434, 0.2768361692627271, 0.27683746814727783, 0.2767618124683698, 0.27681560814380646, 0.2768106609582901, 0.27688583980003995, 0.2768898829817772, 0.2769340028365453, 0.27692625919977826, 0.27696165939172107, 0.27694338063399, 0.2768985579411189, 0.2770145460963249, 0.27693697810173035, 0.27694083750247955, 0.2768118704358737, 0.27706968039274216, 0.2771170710523923, 0.27710482478141785, 0.2771001383662224, 0.2770875245332718, 0.277086262901624, 0.27707243462403613, 0.2770688310265541, 0.2770577296614647, 0.2770497997601827, 0.2770636777083079, 0.27703618506590527, 0.27704788496096927, 0.2769768337408702, 0.27704290052254993, 0.27708932012319565, 0.2770005489389102, 0.2772063985466957, 0.2771374409397443, 0.2771342471241951, 0.27713951965173084, 0.27713076025247574, 0.2771228899558385, 0.27712489167849225, 0.2771301368872325, 0.2771313587824504, 0.27712851266066235, 0.27712570627530414, 0.277125746011734, 0.2771264612674713, 0.277125746011734, 0.2771247699856758, 0.2771221473813057, 0.27712265650431317, 0.27712423106034595, 0.2771256963411967, 0.27712753415107727, 0.2771292154987653, 0.27712975442409515, 0.27713003506263095, 0.2771306410431862, 0.277130663394928, 0.27712978174289066, 0.27712876349687576, 0.27712919811407727, 0.27712616324424744, 0.2771250704924266, 0.2771257981657982, 0.2771221349636714, 0.2771193062265714, 0.27711883932352066, 0.2771144037445386, 0.2771136686205864, 0.2771088381608327, 0.2771079366405805, 0.27710849543412525, 0.27710644404093426, 0.277104876935482, 0.27710441996653873, 0.2771051377058029, 0.27710427592198056, 0.27710484713315964, 0.2771038661400477, 0.2771038090189298, 0.27710667500893277, 0.27710586537917453, 0.2771046534180641, 0.2771078447500865, 0.2771030043562253, 0.27710314095020294, 0.2771049241224925, 0.27710411449273425, 0.27710528175036114, 0.277107077340285, 0.2771080235640208, 0.27710843582948047, 0.2770962342619896, 0.2771053935090701, 0.27710044135649997]}