{"total": [0.03547023022909235, 0.033551563848914376, 0.032789430345575396, 0.03220936735820854], "regression": [0.029321809777372913, 0.027561729254772575, 0.026866650362768814, 0.026338179257949117], "ssim": [0.12296840722565047, 0.11979668972304351, 0.11845559763405232, 0.11742375958861286]}