{"total": [0.4836812348977385, 0.36211554870745793, 0.2758080777792319, 0.22839500091097079, 0.1971468130195889, 0.17495320114342786, 0.15983735045613612, 0.1494401359743439, 0.14186194499355764, 0.13629398837495288, 0.13210615386637234, 0.12889606672763693, 0.12634455070503547, 0.12427816444440129, 0.12257210332807206, 0.12113807763674735, 0.11987417128385934, 0.11874859303087079, 0.1177452573431723, 0.11681299767085143, 0.11596031674803925, 0.11517570193015093, 0.11443102141342713, 0.11373860710846061, 0.11308779199708507, 0.11248415044981, 0.1119391932330616, 0.1113880447493137, 0.11090157645186208, 0.11040609206245185, 0.10992598573344738, 0.1094842774215372, 0.10904356537760132, 0.10862269339413858, 0.10823572814249449, 0.10786491184847544, 0.10748230669231695, 0.1071873801671949, 0.1068843271643304, 0.10657354996129581, 0.10628663333984033, 0.10599587997964592, 0.1057265996477923, 0.10550603102158335, 0.10525828524224298], "regression": [0.4403708858631638, 0.3224747533072769, 0.25236224084016945, 0.21040286142782394, 0.18081921382886312, 0.15943552820898307, 0.14479565158329163, 0.1346487696967742, 0.12720960671540302, 0.12172465471510488, 0.1175803893650657, 0.11439509710078766, 0.11185938382582292, 0.10980285171715172, 0.10810237707180291, 0.10667076432195258, 0.1054081733461091, 0.10428352841796112, 0.10327774849717714, 0.10234226033645892, 0.10148464051436742, 0.10070003832233806, 0.09995087187350425, 0.09925136600167536, 0.09858646221885015, 0.09797347796204883, 0.09742531548153355, 0.09685664233451152, 0.09636701205367847, 0.09585916564108464, 0.09535436601125155, 0.09490738133550815, 0.09445840255178921, 0.09402819519768418, 0.0936324915733356, 0.09326280648098728, 0.09286942021059764, 0.09257557120242428, 0.09227019513666067, 0.09196653736259856, 0.09168211218881846, 0.09138734105029152, 0.09111622775977747, 0.09090110781638243, 0.09065374962029889], "ssim": [0.8662069763560086, 0.7928159090295757, 0.4689167375567223, 0.359842790126271, 0.32655198129927165, 0.31035345676936815, 0.30083397664605477, 0.2958273230030562, 0.29304676552999687, 0.29138667387541367, 0.29051528345671446, 0.2900193907498387, 0.2897033368065118, 0.2895062528736786, 0.2893945250757399, 0.28934626550160797, 0.2893199568520249, 0.2893012918610496, 0.28935017597668705, 0.2894147467043981, 0.2895135236805773, 0.28951327334768834, 0.28960299246977067, 0.28974481985212897, 0.2900265953661269, 0.2902134496062944, 0.2902775564371116, 0.2906280498515229, 0.29069128710319436, 0.29093852892377386, 0.2914323944439165, 0.2915379212076038, 0.2917032562514797, 0.291889963449206, 0.29206473141627337, 0.29204210657202356, 0.29225772672199923, 0.29223617813707653, 0.29228263951089234, 0.292140251394777, 0.2920904233348429, 0.29217077896768423, 0.29220743797541593, 0.29209846463354344, 0.29209071245542967]}