{"total": [0.20887787973116267, 0.1243154809193304, 0.11430269114875846, 0.1098839227918914, 0.10715312717574493, 0.10521051240076561, 0.10380045992675455, 0.10291196230482486, 0.10227351170291774, 0.10181960715048184, 0.10156376347533204, 0.1013753962543261, 0.10125208619582791, 0.1011597872947005, 0.1010753460091925, 0.10102491213555868, 0.10099615952592635, 0.10095994277075884], "regression": [0.18793660487518385, 0.10978718292276307, 0.09987141503468942, 0.09544710182005137, 0.09268622290237555, 0.09067448863613811, 0.0892291051821203, 0.08833192249161213, 0.08768714092742198, 0.08722892941401311, 0.08697011344122396, 0.08676008202925713, 0.08664397748889426, 0.08654339277681412, 0.08646083028696432, 0.0864065117691372, 0.08636396749773534, 0.08633280643104249], "ssim": [0.4188254933963545, 0.2905659573002698, 0.28862552233102384, 0.28873641745108225, 0.28933808652643755, 0.29072047587171784, 0.29142709433006486, 0.29160079540377654, 0.2917274142357457, 0.2918135539019922, 0.2918730000202554, 0.29230628474959397, 0.2921621743206975, 0.2923278890670107, 0.29229031335241856, 0.2923680075600967, 0.29264383955441337, 0.29254272598349207]}